url,phone
https://www.atelierboho.com.tr/,+90 533 594 68 76
https://www.fatamorgana.com.tr/,+90 538 406 03 47
https://www.ipeksilver.com/,+90 (212) 516 24 23
https://www.latikagumus.com,+90 212 660 42 24
https://www.meidesign.co/,05336578179
https://www.melissa.com.tr/,0533 506 4439
https://www.meysadesiign.com/,+90 551 655 41 76
https://www.monsternotebook.com.tr/,+90 850 255 1111
https://www.mrstickercustoms.com/tr,Not found
https://www.necoaksesuar.com/hizmetler,+90 533 151 84 54
https://www.niposinta.com/,+995 511 19 55 36
https://www.roxelana.com.tr/1/,+90 242 123 45 67
https://www.tomrisjewellery.com/,+90 (850) 532 64 24
https://www.unikejewellery.com/en/jo/glow-circle-earrings_p716.html,+351 930 451 012
https://mylamp.com.tr/,+90 533 093 05 98
https://mysummerblue.com.tr,+90 541 887 85 58
https://neom-jewelry.com/,Not found
https://nevjewellery.com/,444 4 373
https://www.bonetasarim.com/,+90 545 112 26 63
https://www.bygolden.com/,0850 305 26 30
